"year","season","plot","species","abundance","quads","treatment"
1981,"summer",4,"boer torr",75,8,"control"
1981,"summer",4,"bout aris",95,8,"control"
1981,"summer",4,"chen frem",11,8,"control"
1981,"summer",4,"erio aber",123,8,"control"
1981,"summer",4,"euph serr",3,8,"control"
1981,"summer",4,"pani ariz",10,8,"control"
1981,"summer",4,"pect papp",35,8,"control"
1981,"summer",4,"tide lanu",9,8,"control"
1981,"summer",11,"boer torr",26,8,"control"
1981,"summer",11,"bout aris",15,8,"control"
1981,"summer",11,"chen frem",11,8,"control"
1981,"summer",11,"erio aber",106,8,"control"
1981,"summer",11,"kall gran",1,8,"control"
1981,"summer",11,"moll cerv",1,8,"control"
1981,"summer",11,"pani ariz",18,8,"control"
1981,"summer",11,"pect papp",180,8,"control"
1981,"summer",11,"tide lanu",8,8,"control"
1981,"summer",11,"tria port",3,8,"control"
1981,"summer",14,"boer torr",32,8,"control"
1981,"summer",14,"bout aris",9,8,"control"
1981,"summer",14,"crot pumi",2,8,"control"
1981,"summer",14,"erio aber",87,8,"control"
1981,"summer",14,"kall gran",1,8,"control"
1981,"summer",14,"moll cerv",1,8,"control"
1981,"summer",14,"pani ariz",19,8,"control"
1981,"summer",14,"pect papp",31,8,"control"
1981,"summer",14,"tide lanu",8,8,"control"
1981,"summer",14,"tria port",3,8,"control"
1981,"summer",17,"boer torr",21,8,"control"
1981,"summer",17,"bout aris",18,8,"control"
1981,"summer",17,"chen frem",4,8,"control"
1981,"summer",17,"crot pumi",1,8,"control"
1981,"summer",17,"erio aber",67,8,"control"
1981,"summer",17,"euph micr",1,8,"control"
1981,"summer",17,"euph serr",1,8,"control"
1981,"summer",17,"kall gran",4,8,"control"
1981,"summer",17,"moll cerv",3,8,"control"
1981,"summer",17,"pani ariz",13,8,"control"
1981,"summer",17,"pect papp",88,8,"control"
1981,"summer",17,"tria port",3,8,"control"
1982,"summer",4,"aris adsc",4,8,"control"
1982,"summer",4,"boer torr",26,8,"control"
1982,"summer",4,"bout aris",279,8,"control"
1982,"summer",4,"bout barb",83,8,"control"
1982,"summer",4,"erio aber",12,8,"control"
1982,"summer",4,"pani ariz",1,8,"control"
1982,"summer",4,"tide lanu",9,8,"control"
1982,"summer",11,"boer torr",8,8,"control"
1982,"summer",11,"bout aris",118,8,"control"
1982,"summer",11,"bout barb",77,8,"control"
1982,"summer",11,"erio aber",94,8,"control"
1982,"summer",11,"euph serr",1,8,"control"
1982,"summer",11,"pani ariz",1,8,"control"
1982,"summer",11,"pect papp",4,8,"control"
1982,"summer",11,"tide lanu",5,8,"control"
1982,"summer",14,"boer torr",6,8,"control"
1982,"summer",14,"bout aris",22,8,"control"
1982,"summer",14,"bout barb",30,8,"control"
1982,"summer",14,"erio aber",36,8,"control"
1982,"summer",14,"euph micr",3,8,"control"
1982,"summer",14,"euph serr",1,8,"control"
1982,"summer",14,"moll cerv",2,8,"control"
1982,"summer",14,"pani ariz",3,8,"control"
1982,"summer",14,"pect papp",3,8,"control"
1982,"summer",14,"tide lanu",6,8,"control"
1982,"summer",17,"amar palm",1,8,"control"
1982,"summer",17,"aris adsc",1,8,"control"
1982,"summer",17,"boer torr",7,8,"control"
1982,"summer",17,"bout aris",8,8,"control"
1982,"summer",17,"bout barb",16,8,"control"
1982,"summer",17,"erio aber",15,8,"control"
1982,"summer",17,"pect papp",11,8,"control"
1983,"summer",4,"aris adsc",25,16,"control"
1983,"summer",4,"boer torr",11,16,"control"
1983,"summer",4,"bout aris",433,16,"control"
1983,"summer",4,"chen frem",3,16,"control"
1983,"summer",4,"erio aber",338,16,"control"
1983,"summer",4,"pani ariz",1,16,"control"
1983,"summer",4,"pect papp",2,16,"control"
1983,"summer",4,"tide lanu",6,16,"control"
1983,"summer",11,"boer torr",34,16,"control"
1983,"summer",11,"bout aris",548,16,"control"
1983,"summer",11,"chen frem",6,16,"control"
1983,"summer",11,"erio aber",65,16,"control"
1983,"summer",11,"pani ariz",12,16,"control"
1983,"summer",11,"pect papp",14,16,"control"
1983,"summer",11,"tide lanu",29,16,"control"
1983,"summer",14,"aris adsc",1,16,"control"
1983,"summer",14,"boer torr",28,16,"control"
1983,"summer",14,"bout aris",26,16,"control"
1983,"summer",14,"chen frem",10,16,"control"
1983,"summer",14,"erio aber",214,16,"control"
1983,"summer",14,"pani ariz",6,16,"control"
1983,"summer",14,"tide lanu",3,16,"control"
1983,"summer",17,"bail mult",2,16,"control"
1983,"summer",17,"boer torr",10,16,"control"
1983,"summer",17,"bout aris",74,16,"control"
1983,"summer",17,"chen frem",11,16,"control"
1983,"summer",17,"erio aber",90,16,"control"
1983,"summer",17,"euph fend",1,16,"control"
1983,"summer",17,"pani ariz",1,16,"control"
1983,"summer",17,"pect papp",2,16,"control"
1983,"summer",17,"tide lanu",9,16,"control"
1984,"summer",4,"bail mult",19,16,"control"
1984,"summer",4,"boer torr",2,16,"control"
1984,"summer",4,"bout aris",56,16,"control"
1984,"summer",4,"erio aber",12,16,"control"
1984,"summer",4,"euph fend",3,16,"control"
1984,"summer",4,"pect papp",3,16,"control"
1984,"summer",4,"tide lanu",9,16,"control"
1984,"summer",11,"bail mult",31,16,"control"
1984,"summer",11,"bout aris",59,16,"control"
1984,"summer",11,"erio aber",3,16,"control"
1984,"summer",11,"euph fend",3,16,"control"
1984,"summer",11,"moll cerv",35,16,"control"
1984,"summer",11,"pect papp",4,16,"control"
1984,"summer",11,"tide lanu",8,16,"control"
1984,"summer",14,"bail mult",13,16,"control"
1984,"summer",14,"erio aber",2,16,"control"
1984,"summer",14,"euph fend",2,16,"control"
1984,"summer",14,"moll cerv",3,16,"control"
1984,"summer",14,"pani ariz",1,16,"control"
1984,"summer",14,"tide lanu",2,16,"control"
1984,"summer",17,"bail mult",9,16,"control"
1984,"summer",17,"bout aris",5,16,"control"
1984,"summer",17,"euph fend",2,16,"control"
1984,"summer",17,"pani ariz",2,16,"control"
1984,"summer",17,"tide lanu",1,16,"control"
1985,"summer",4,"bail mult",70,16,"control"
1985,"summer",4,"bout aris",27,16,"control"
1985,"summer",4,"erio aber",33,16,"control"
1985,"summer",4,"euph fend",1,16,"control"
1985,"summer",4,"moll vert",15,16,"control"
1985,"summer",4,"pani ariz",1,16,"control"
1985,"summer",4,"pect papp",1,16,"control"
1985,"summer",4,"tide lanu",2,16,"control"
1985,"summer",11,"bail mult",28,16,"control"
1985,"summer",11,"boer torr",2,16,"control"
1985,"summer",11,"bout aris",11,16,"control"
1985,"summer",11,"erio aber",12,16,"control"
1985,"summer",11,"euph fend",1,16,"control"
1985,"summer",11,"moll cerv",15,16,"control"
1985,"summer",11,"moll vert",53,16,"control"
1985,"summer",11,"pect papp",6,16,"control"
1985,"summer",11,"tide lanu",1,16,"control"
1985,"summer",14,"boer torr",1,16,"control"
1985,"summer",14,"bout aris",2,16,"control"
1985,"summer",14,"erio aber",2,16,"control"
1985,"summer",14,"euph fend",2,16,"control"
1985,"summer",17,"bail mult",2,16,"control"
1985,"summer",17,"boer torr",2,16,"control"
1985,"summer",17,"bout aris",13,16,"control"
1985,"summer",17,"erio aber",3,16,"control"
1985,"summer",17,"euph fend",5,16,"control"
1985,"summer",17,"moll cerv",2,16,"control"
1985,"summer",17,"moll vert",6,16,"control"
1985,"summer",17,"pani ariz",1,16,"control"
1985,"summer",17,"pect papp",2,16,"control"
1985,"summer",17,"tide lanu",2,16,"control"
1986,"summer",4,"bail mult",22,16,"control"
1986,"summer",4,"boer torr",4,16,"control"
1986,"summer",4,"bout aris",39,16,"control"
1986,"summer",4,"erio aber",4,16,"control"
1986,"summer",4,"euph fend",43,16,"control"
1986,"summer",4,"moll vert",232,16,"control"
1986,"summer",4,"pani ariz",2,16,"control"
1986,"summer",4,"pect papp",1,16,"control"
1986,"summer",4,"tide lanu",6,16,"control"
1986,"summer",11,"aris adsc",3,16,"control"
1986,"summer",11,"bail mult",46,16,"control"
1986,"summer",11,"boer torr",12,16,"control"
1986,"summer",11,"bout aris",24,16,"control"
1986,"summer",11,"erio aber",7,16,"control"
1986,"summer",11,"euph fend",33,16,"control"
1986,"summer",11,"moll cerv",27,16,"control"
1986,"summer",11,"moll vert",165,16,"control"
1986,"summer",11,"pani ariz",4,16,"control"
1986,"summer",11,"pect papp",10,16,"control"
1986,"summer",11,"tide lanu",11,16,"control"
1986,"summer",14,"aris adsc",4,16,"control"
1986,"summer",14,"bail mult",22,16,"control"
1986,"summer",14,"boer torr",6,16,"control"
1986,"summer",14,"erio aber",2,16,"control"
1986,"summer",14,"euph fend",6,16,"control"
1986,"summer",14,"moll vert",55,16,"control"
1986,"summer",14,"pani ariz",2,16,"control"
1986,"summer",14,"tide lanu",2,16,"control"
1986,"summer",17,"bail mult",11,16,"control"
1986,"summer",17,"boer torr",8,16,"control"
1986,"summer",17,"bout aris",13,16,"control"
1986,"summer",17,"erio aber",6,16,"control"
1986,"summer",17,"euph fend",42,16,"control"
1986,"summer",17,"moll vert",151,16,"control"
1986,"summer",17,"pani ariz",4,16,"control"
1986,"summer",17,"pect papp",9,16,"control"
1987,"summer",4,"aris adsc",10,16,"control"
1987,"summer",4,"bail mult",34,16,"control"
1987,"summer",4,"boer torr",10,16,"control"
1987,"summer",4,"bout aris",222,16,"control"
1987,"summer",4,"erio aber",3,16,"control"
1987,"summer",4,"euph fend",275,16,"control"
1987,"summer",4,"moll cerv",58,16,"control"
1987,"summer",4,"moll vert",270,16,"control"
1987,"summer",4,"pani ariz",4,16,"control"
1987,"summer",4,"pect papp",11,16,"control"
1987,"summer",4,"tide lanu",22,16,"control"
1987,"summer",11,"aris adsc",5,16,"control"
1987,"summer",11,"bail mult",61,16,"control"
1987,"summer",11,"boer torr",91,16,"control"
1987,"summer",11,"bout aris",254,16,"control"
1987,"summer",11,"erio aber",27,16,"control"
1987,"summer",11,"euph fend",288,16,"control"
1987,"summer",11,"moll cerv",319,16,"control"
1987,"summer",11,"moll vert",205,16,"control"
1987,"summer",11,"pani ariz",25,16,"control"
1987,"summer",11,"pect papp",208,16,"control"
1987,"summer",11,"tide lanu",46,16,"control"
1987,"summer",14,"aris adsc",26,16,"control"
1987,"summer",14,"bail mult",115,16,"control"
1987,"summer",14,"boer torr",55,16,"control"
1987,"summer",14,"bout aris",43,16,"control"
1987,"summer",14,"erio aber",15,16,"control"
1987,"summer",14,"euph fend",220,16,"control"
1987,"summer",14,"moll cerv",26,16,"control"
1987,"summer",14,"moll vert",145,16,"control"
1987,"summer",14,"pani ariz",7,16,"control"
1987,"summer",14,"pect papp",5,16,"control"
1987,"summer",14,"tide lanu",29,16,"control"
1987,"summer",17,"aris adsc",18,16,"control"
1987,"summer",17,"bail mult",10,16,"control"
1987,"summer",17,"boer torr",83,16,"control"
1987,"summer",17,"bout aris",167,16,"control"
1987,"summer",17,"erio aber",19,16,"control"
1987,"summer",17,"euph fend",245,16,"control"
1987,"summer",17,"moll cerv",58,16,"control"
1987,"summer",17,"moll vert",442,16,"control"
1987,"summer",17,"pani ariz",5,16,"control"
1987,"summer",17,"pect papp",26,16,"control"
1987,"summer",17,"tide lanu",8,16,"control"
1988,"summer",4,"aris adsc",10,16,"control"
1988,"summer",4,"bail mult",3,16,"control"
1988,"summer",4,"boer torr",2,16,"control"
1988,"summer",4,"bout aris",228,16,"control"
1988,"summer",4,"erio aber",11,16,"control"
1988,"summer",4,"moll vert",335,16,"control"
1988,"summer",4,"pect papp",1,16,"control"
1988,"summer",4,"tide lanu",15,16,"control"
1988,"summer",11,"aris adsc",2,16,"control"
1988,"summer",11,"bail mult",1,16,"control"
1988,"summer",11,"boer torr",29,16,"control"
1988,"summer",11,"bout aris",301,16,"control"
1988,"summer",11,"erio aber",20,16,"control"
1988,"summer",11,"moll vert",358,16,"control"
1988,"summer",11,"pani ariz",8,16,"control"
1988,"summer",11,"pect papp",1,16,"control"
1988,"summer",11,"tide lanu",14,16,"control"
1988,"summer",14,"aris adsc",5,16,"control"
1988,"summer",14,"bail mult",4,16,"control"
1988,"summer",14,"boer torr",6,16,"control"
1988,"summer",14,"bout aris",16,16,"control"
1988,"summer",14,"erio aber",10,16,"control"
1988,"summer",14,"moll cerv",1,16,"control"
1988,"summer",14,"moll vert",134,16,"control"
1988,"summer",14,"pect papp",1,16,"control"
1988,"summer",14,"tide lanu",7,16,"control"
1988,"summer",17,"aris adsc",20,16,"control"
1988,"summer",17,"bail mult",2,16,"control"
1988,"summer",17,"boer torr",2,16,"control"
1988,"summer",17,"bout aris",69,16,"control"
1988,"summer",17,"erio aber",22,16,"control"
1988,"summer",17,"moll vert",443,16,"control"
1988,"summer",17,"tide lanu",1,16,"control"
1989,"summer",4,"aris adsc",264,16,"control"
1989,"summer",4,"bail mult",7,16,"control"
1989,"summer",4,"boer inte",11,16,"control"
1989,"summer",4,"bout aris",4071,16,"control"
1989,"summer",4,"bout barb",478,16,"control"
1989,"summer",4,"dale brac",1,16,"control"
1989,"summer",4,"erio lemm",4,16,"control"
1989,"summer",4,"euph serp",265,16,"control"
1989,"summer",4,"euph serr",5,16,"control"
1989,"summer",4,"hapl grac",3,16,"control"
1989,"summer",4,"kall gran",1,16,"control"
1989,"summer",4,"moll cerv",73,16,"control"
1989,"summer",4,"pani hirt",13,16,"control"
1989,"summer",4,"pect papp",13,16,"control"
1989,"summer",4,"port parv",164,16,"control"
1989,"summer",4,"sida spin",21,16,"control"
1989,"summer",4,"tide lanu",9,16,"control"
1989,"summer",11,"ambr arte",1,16,"control"
1989,"summer",11,"aris adsc",117,16,"control"
1989,"summer",11,"bail mult",10,16,"control"
1989,"summer",11,"boer inte",81,16,"control"
1989,"summer",11,"bout aris",4672,16,"control"
1989,"summer",11,"bout barb",65,16,"control"
1989,"summer",11,"crot pumi",48,16,"control"
1989,"summer",11,"dale brac",4,16,"control"
1989,"summer",11,"erag arid",20,16,"control"
1989,"summer",11,"erio lemm",7,16,"control"
1989,"summer",11,"euph exst",1,16,"control"
1989,"summer",11,"euph micr",5,16,"control"
1989,"summer",11,"euph serp",114,16,"control"
1989,"summer",11,"euph serr",30,16,"control"
1989,"summer",11,"hapl grac",5,16,"control"
1989,"summer",11,"moll cerv",91,16,"control"
1989,"summer",11,"pani hirt",21,16,"control"
1989,"summer",11,"pani mili",4,16,"control"
1989,"summer",11,"pect papp",74,16,"control"
1989,"summer",11,"port parv",199,16,"control"
1989,"summer",11,"sida spin",2,16,"control"
1989,"summer",11,"tide lanu",18,16,"control"
1989,"summer",14,"aris adsc",79,16,"control"
1989,"summer",14,"bail mult",17,16,"control"
1989,"summer",14,"boer inte",33,16,"control"
1989,"summer",14,"bout aris",810,16,"control"
1989,"summer",14,"bout barb",81,16,"control"
1989,"summer",14,"crot pumi",5,16,"control"
1989,"summer",14,"dale brac",1,16,"control"
1989,"summer",14,"erio lemm",4,16,"control"
1989,"summer",14,"euph exst",1,16,"control"
1989,"summer",14,"euph micr",12,16,"control"
1989,"summer",14,"euph serp",173,16,"control"
1989,"summer",14,"euph serr",25,16,"control"
1989,"summer",14,"hapl grac",2,16,"control"
1989,"summer",14,"kall gran",1,16,"control"
1989,"summer",14,"moll cerv",14,16,"control"
1989,"summer",14,"pani hirt",24,16,"control"
1989,"summer",14,"pect papp",20,16,"control"
1989,"summer",14,"sida spin",2,16,"control"
1989,"summer",14,"tide lanu",16,16,"control"
1989,"summer",17,"aris adsc",664,16,"control"
1989,"summer",17,"bail mult",4,16,"control"
1989,"summer",17,"boer inte",47,16,"control"
1989,"summer",17,"bout aris",1437,16,"control"
1989,"summer",17,"bout barb",88,16,"control"
1989,"summer",17,"crot pumi",4,16,"control"
1989,"summer",17,"dith wisl",1,16,"control"
1989,"summer",17,"erag arid",14,16,"control"
1989,"summer",17,"erag cili",10,16,"control"
1989,"summer",17,"erio lemm",2,16,"control"
1989,"summer",17,"erod cicu",2,16,"control"
1989,"summer",17,"euph micr",31,16,"control"
1989,"summer",17,"euph serp",163,16,"control"
1989,"summer",17,"euph serr",7,16,"control"
1989,"summer",17,"kall gran",1,16,"control"
1989,"summer",17,"moll cerv",39,16,"control"
1989,"summer",17,"pani hirt",11,16,"control"
1989,"summer",17,"pect papp",17,16,"control"
1989,"summer",17,"port parv",17,16,"control"
1989,"summer",17,"sida spin",1,16,"control"
1989,"summer",17,"tide lanu",3,16,"control"
1990,"summer",4,"aris adsc",1487,16,"control"
1990,"summer",4,"boer inte",51,16,"control"
1990,"summer",4,"bout aris",11952,16,"control"
1990,"summer",4,"bout barb",299,16,"control"
1990,"summer",4,"dale brac",5,16,"control"
1990,"summer",4,"euph micr",11,16,"control"
1990,"summer",4,"euph serp",17,16,"control"
1990,"summer",4,"euph serr",1,16,"control"
1990,"summer",4,"kall gran",1,16,"control"
1990,"summer",4,"moll cerv",13,16,"control"
1990,"summer",4,"pani ariz",15,16,"control"
1990,"summer",4,"pani hirt",1,16,"control"
1990,"summer",4,"pect papp",19,16,"control"
1990,"summer",4,"port parv",52,16,"control"
1990,"summer",4,"tide lanu",19,16,"control"
1990,"summer",11,"aris adsc",116,16,"control"
1990,"summer",11,"bail mult",2,16,"control"
1990,"summer",11,"boer inte",57,16,"control"
1990,"summer",11,"boer torr",3,16,"control"
1990,"summer",11,"bout aris",8264,16,"control"
1990,"summer",11,"bout barb",52,16,"control"
1990,"summer",11,"crot pumi",8,16,"control"
1990,"summer",11,"dale brac",5,16,"control"
1990,"summer",11,"euph micr",2,16,"control"
1990,"summer",11,"euph serp",4,16,"control"
1990,"summer",11,"euph serr",1,16,"control"
1990,"summer",11,"kall gran",2,16,"control"
1990,"summer",11,"moll cerv",6,16,"control"
1990,"summer",11,"pani ariz",23,16,"control"
1990,"summer",11,"pani hirt",19,16,"control"
1990,"summer",11,"pect papp",38,16,"control"
1990,"summer",11,"port parv",49,16,"control"
1990,"summer",11,"tide lanu",7,16,"control"
1990,"summer",14,"aris adsc",294,16,"control"
1990,"summer",14,"boer inte",148,16,"control"
1990,"summer",14,"boer torr",1,16,"control"
1990,"summer",14,"bout aris",4009,16,"control"
1990,"summer",14,"bout barb",255,16,"control"
1990,"summer",14,"crot pumi",3,16,"control"
1990,"summer",14,"dale brac",1,16,"control"
1990,"summer",14,"euph micr",15,16,"control"
1990,"summer",14,"euph serp",171,16,"control"
1990,"summer",14,"euph serr",16,16,"control"
1990,"summer",14,"moll cerv",9,16,"control"
1990,"summer",14,"pani ariz",21,16,"control"
1990,"summer",14,"pani hirt",6,16,"control"
1990,"summer",14,"pect papp",116,16,"control"
1990,"summer",14,"port parv",1,16,"control"
1990,"summer",14,"tide lanu",21,16,"control"
1990,"summer",17,"aris adsc",1366,16,"control"
1990,"summer",17,"bail mult",1,16,"control"
1990,"summer",17,"boer inte",67,16,"control"
1990,"summer",17,"boer torr",1,16,"control"
1990,"summer",17,"bout aris",4089,16,"control"
1990,"summer",17,"bout barb",8,16,"control"
1990,"summer",17,"dale brac",1,16,"control"
1990,"summer",17,"euph micr",1,16,"control"
1990,"summer",17,"euph serp",39,16,"control"
1990,"summer",17,"kall gran",1,16,"control"
1990,"summer",17,"moll cerv",2,16,"control"
1990,"summer",17,"pani ariz",9,16,"control"
1990,"summer",17,"pani hirt",2,16,"control"
1990,"summer",17,"pect papp",12,16,"control"
1990,"summer",17,"port parv",4,16,"control"
1990,"summer",17,"tide lanu",1,16,"control"
1991,"summer",4,"aris adsc",88,16,"control"
1991,"summer",4,"bahi bite",2,16,"control"
1991,"summer",4,"bail mult",7,16,"control"
1991,"summer",4,"bout aris",983,16,"control"
1991,"summer",4,"chen frem",5,16,"control"
1991,"summer",4,"erio aber",16,16,"control"
1991,"summer",4,"euph serp",2,16,"control"
1991,"summer",4,"euph serr",1,16,"control"
1991,"summer",4,"sida spin",1,16,"control"
1991,"summer",4,"tide lanu",5,16,"control"
1991,"summer",11,"aris adsc",14,16,"control"
1991,"summer",11,"bout aris",440,16,"control"
1991,"summer",11,"erio aber",11,16,"control"
1991,"summer",11,"euph serr",1,16,"control"
1991,"summer",11,"pani ariz",2,16,"control"
1991,"summer",11,"port parv",1,16,"control"
1991,"summer",11,"tide lanu",1,16,"control"
1991,"summer",14,"aris adsc",153,16,"control"
1991,"summer",14,"bahi bite",2,16,"control"
1991,"summer",14,"bail mult",10,16,"control"
1991,"summer",14,"boer inte",1,16,"control"
1991,"summer",14,"bout aris",1306,16,"control"
1991,"summer",14,"chen frem",1,16,"control"
1991,"summer",14,"erio aber",23,16,"control"
1991,"summer",14,"euph serr",1,16,"control"
1991,"summer",14,"mach tanr",1,16,"control"
1991,"summer",14,"tide lanu",1,16,"control"
1991,"summer",17,"aris adsc",87,16,"control"
1991,"summer",17,"bail mult",1,16,"control"
1991,"summer",17,"boer inte",1,16,"control"
1991,"summer",17,"bout aris",217,16,"control"
1991,"summer",17,"chen frem",3,16,"control"
1991,"summer",17,"erig dive",4,16,"control"
1991,"summer",17,"erio aber",17,16,"control"
1991,"summer",17,"hapl grac",4,16,"control"
1991,"summer",17,"port parv",3,16,"control"
1992,"summer",4,"bahi bite",2,16,"control"
1992,"summer",4,"bail mult",1,16,"control"
1992,"summer",4,"boer inte",1,16,"control"
1992,"summer",4,"erio aber",207,16,"control"
1992,"summer",4,"hapl grac",544,16,"control"
1992,"summer",4,"sida spin",2,16,"control"
1992,"summer",11,"bahi bite",1,16,"control"
1992,"summer",11,"chen frem",3,16,"control"
1992,"summer",11,"erio aber",121,16,"control"
1992,"summer",11,"hapl grac",547,16,"control"
1992,"summer",11,"mach tanr",1,16,"control"
1992,"summer",14,"bahi bite",1,16,"control"
1992,"summer",14,"bail mult",3,16,"control"
1992,"summer",14,"bout aris",1,16,"control"
1992,"summer",14,"erio aber",94,16,"control"
1992,"summer",14,"hapl grac",355,16,"control"
1992,"summer",14,"mach tanr",2,16,"control"
1992,"summer",14,"sida spin",1,16,"control"
1992,"summer",17,"bail mult",1,16,"control"
1992,"summer",17,"boer torr",2,16,"control"
1992,"summer",17,"erio aber",129,16,"control"
1992,"summer",17,"hapl grac",491,16,"control"
1993,"summer",4,"aris adsc",1,16,"control"
1993,"summer",4,"bahi bite",1,16,"control"
1993,"summer",4,"bout aris",16,16,"control"
1993,"summer",4,"erio aber",4,16,"control"
1993,"summer",4,"euph micr",7,16,"control"
1993,"summer",4,"hapl grac",8,16,"control"
1993,"summer",4,"moll cerv",3,16,"control"
1993,"summer",4,"pani ariz",1,16,"control"
1993,"summer",4,"port parv",1,16,"control"
1993,"summer",4,"sida spin",3,16,"control"
1993,"summer",11,"bout aris",7,16,"control"
1993,"summer",11,"crot pumi",19,16,"control"
1993,"summer",11,"erio aber",5,16,"control"
1993,"summer",11,"euph micr",2,16,"control"
1993,"summer",11,"euph serr",5,16,"control"
1993,"summer",11,"hapl grac",13,16,"control"
1993,"summer",11,"moll cerv",21,16,"control"
1993,"summer",11,"pani ariz",2,16,"control"
1993,"summer",11,"pect papp",2,16,"control"
1993,"summer",11,"tria port",1,16,"control"
1993,"summer",14,"aris adsc",1,16,"control"
1993,"summer",14,"bout aris",11,16,"control"
1993,"summer",14,"euph micr",7,16,"control"
1993,"summer",14,"euph serr",1,16,"control"
1993,"summer",14,"hapl grac",5,16,"control"
1993,"summer",14,"pani mili",1,16,"control"
1993,"summer",14,"pect papp",2,16,"control"
1993,"summer",14,"sida spin",1,16,"control"
1993,"summer",14,"tide lanu",1,16,"control"
1993,"summer",17,"aris adsc",1,16,"control"
1993,"summer",17,"boer torr",1,16,"control"
1993,"summer",17,"bout aris",6,16,"control"
1993,"summer",17,"crot pumi",11,16,"control"
1993,"summer",17,"erio aber",18,16,"control"
1993,"summer",17,"euph micr",6,16,"control"
1993,"summer",17,"euph serr",1,16,"control"
1993,"summer",17,"hapl grac",17,16,"control"
1993,"summer",17,"moll cerv",3,16,"control"
1993,"summer",17,"pani ariz",1,16,"control"
1994,"summer",4,"erio aber",10,16,"control"
1994,"summer",4,"euph micr",1,16,"control"
1994,"summer",4,"euph serr",1,16,"control"
1994,"summer",11,"erio aber",1,16,"control"
1994,"summer",17,"boer torr",1,16,"control"
1995,"summer",4,"bout aris",1,16,"control"
1995,"summer",4,"chen frem",2,16,"control"
1995,"summer",4,"erio aber",82,16,"control"
1995,"summer",4,"euph serp",6,16,"control"
1995,"summer",4,"hapl grac",25,16,"control"
1995,"summer",4,"port parv",1,16,"control"
1995,"summer",4,"sida spin",1,16,"control"
1995,"summer",4,"tide lanu",1,16,"control"
1995,"summer",11,"erio aber",13,16,"control"
1995,"summer",11,"hapl grac",115,16,"control"
1995,"summer",11,"mach tanr",1,16,"control"
1995,"summer",14,"bout barb",1,16,"control"
1995,"summer",14,"erio aber",10,16,"control"
1995,"summer",14,"hapl grac",24,16,"control"
1995,"summer",14,"sida spin",1,16,"control"
1995,"summer",17,"erio aber",9,16,"control"
1995,"summer",17,"euph serp",2,16,"control"
1995,"summer",17,"hapl grac",57,16,"control"
1996,"summer",4,"boer coul",1,16,"control"
1996,"summer",4,"boer inte",17,16,"control"
1996,"summer",4,"boer torr",1,16,"control"
1996,"summer",4,"bout aris",17,16,"control"
1996,"summer",4,"bout barb",182,16,"control"
1996,"summer",4,"euph serp",51,16,"control"
1996,"summer",4,"pani ariz",1,16,"control"
1996,"summer",4,"pani hirt",2,16,"control"
1996,"summer",4,"tide lanu",4,16,"control"
1996,"summer",11,"bahi bite",2,16,"control"
1996,"summer",11,"boer inte",6,16,"control"
1996,"summer",11,"bout aris",17,16,"control"
1996,"summer",11,"bout barb",5,16,"control"
1996,"summer",11,"dale brac",1,16,"control"
1996,"summer",11,"euph serp",3,16,"control"
1996,"summer",11,"pani hirt",3,16,"control"
1996,"summer",11,"tide lanu",4,16,"control"
1996,"summer",14,"boer inte",3,16,"control"
1996,"summer",14,"bout aris",21,16,"control"
1996,"summer",14,"bout barb",24,16,"control"
1996,"summer",14,"euph micr",3,16,"control"
1996,"summer",14,"mach tanr",1,16,"control"
1996,"summer",14,"pani hirt",3,16,"control"
1996,"summer",14,"pect papp",1,16,"control"
1996,"summer",14,"tide lanu",1,16,"control"
1996,"summer",17,"boer coul",1,16,"control"
1996,"summer",17,"boer inte",6,16,"control"
1996,"summer",17,"bout aris",101,16,"control"
1996,"summer",17,"bout barb",70,16,"control"
1996,"summer",17,"euph serp",23,16,"control"
1996,"summer",17,"pect papp",1,16,"control"
1996,"summer",17,"tide lanu",1,16,"control"
1997,"summer",4,"aris adsc",151,16,"control"
1997,"summer",4,"boer inte",26,16,"control"
1997,"summer",4,"bout aris",1,16,"control"
1997,"summer",4,"bout barb",1,16,"control"
1997,"summer",4,"crot pumi",1,16,"control"
1997,"summer",4,"erio aber",79,16,"control"
1997,"summer",4,"euph serp",54,16,"control"
1997,"summer",4,"euph serr",1,16,"control"
1997,"summer",4,"pani hirt",8,16,"control"
1997,"summer",4,"tide lanu",24,16,"control"
1997,"summer",11,"aris adsc",13,16,"control"
1997,"summer",11,"boer inte",5,16,"control"
1997,"summer",11,"crot pumi",23,16,"control"
1997,"summer",11,"erio aber",47,16,"control"
1997,"summer",11,"euph micr",1,16,"control"
1997,"summer",11,"euph serp",9,16,"control"
1997,"summer",11,"euph serr",3,16,"control"
1997,"summer",11,"hapl grac",15,16,"control"
1997,"summer",11,"mach tanr",1,16,"control"
1997,"summer",11,"pani hirt",3,16,"control"
1997,"summer",11,"pect papp",5,16,"control"
1997,"summer",11,"tide lanu",5,16,"control"
1997,"summer",14,"aris adsc",22,16,"control"
1997,"summer",14,"bout aris",1,16,"control"
1997,"summer",14,"erio aber",48,16,"control"
1997,"summer",14,"euph micr",2,16,"control"
1997,"summer",14,"euph serp",15,16,"control"
1997,"summer",14,"euph serr",5,16,"control"
1997,"summer",14,"hapl grac",6,16,"control"
1997,"summer",14,"pani hirt",5,16,"control"
1997,"summer",14,"tide lanu",8,16,"control"
1997,"summer",17,"aris adsc",19,16,"control"
1997,"summer",17,"boer inte",4,16,"control"
1997,"summer",17,"boer torr",1,16,"control"
1997,"summer",17,"bout aris",13,16,"control"
1997,"summer",17,"bout barb",3,16,"control"
1997,"summer",17,"crot pumi",4,16,"control"
1997,"summer",17,"erio aber",67,16,"control"
1997,"summer",17,"euph serp",23,16,"control"
1997,"summer",17,"hapl grac",3,16,"control"
1997,"summer",17,"tide lanu",6,16,"control"
1998,"summer",4,"boer inte",3,16,"control"
1998,"summer",4,"boer torr",1,16,"control"
1998,"summer",4,"bout aris",1,16,"control"
1998,"summer",4,"bout barb",1,16,"control"
1998,"summer",4,"dale brac",4,16,"control"
1998,"summer",4,"erio aber",77,16,"control"
1998,"summer",4,"euph serp",2,16,"control"
1998,"summer",4,"pani ariz",2,16,"control"
1998,"summer",4,"tide lanu",7,16,"control"
1998,"summer",11,"boer inte",7,16,"control"
1998,"summer",11,"boer torr",1,16,"control"
1998,"summer",11,"bout aris",1,16,"control"
1998,"summer",11,"crot pumi",1,16,"control"
1998,"summer",11,"dale brac",2,16,"control"
1998,"summer",11,"erio aber",29,16,"control"
1998,"summer",11,"euph serp",1,16,"control"
1998,"summer",11,"moll cerv",1,16,"control"
1998,"summer",11,"tide lanu",3,16,"control"
1998,"summer",14,"boer inte",2,16,"control"
1998,"summer",14,"erio aber",30,16,"control"
1998,"summer",14,"tide lanu",5,16,"control"
1998,"summer",17,"boer inte",9,16,"control"
1998,"summer",17,"chen frem",1,16,"control"
1998,"summer",17,"erio aber",89,16,"control"
1998,"summer",17,"pani mili",1,16,"control"
1999,"summer",4,"boer inte",2,16,"control"
1999,"summer",4,"bout aris",5,16,"control"
1999,"summer",4,"bout barb",123,16,"control"
1999,"summer",4,"dale brac",2,16,"control"
1999,"summer",4,"erod cicu",5,16,"control"
1999,"summer",4,"euph serp",8,16,"control"
1999,"summer",4,"kall gran",1,16,"control"
1999,"summer",4,"pani ariz",7,16,"control"
1999,"summer",4,"pani hirt",1,16,"control"
1999,"summer",4,"pani mili",1,16,"control"
1999,"summer",4,"tide lanu",5,16,"control"
1999,"summer",11,"boer torr",7,16,"control"
1999,"summer",11,"bout aris",7,16,"control"
1999,"summer",11,"bout barb",11,16,"control"
1999,"summer",11,"crot pumi",4,16,"control"
1999,"summer",11,"dale brac",3,16,"control"
1999,"summer",11,"euph micr",1,16,"control"
1999,"summer",11,"euph serp",2,16,"control"
1999,"summer",11,"euph serr",3,16,"control"
1999,"summer",11,"moll cerv",8,16,"control"
1999,"summer",11,"pani ariz",4,16,"control"
1999,"summer",11,"pani hirt",3,16,"control"
1999,"summer",11,"pect papp",2,16,"control"
1999,"summer",11,"tide lanu",5,16,"control"
1999,"summer",14,"bout aris",9,16,"control"
1999,"summer",14,"bout barb",4,16,"control"
1999,"summer",14,"dale brac",1,16,"control"
1999,"summer",14,"euph serp",3,16,"control"
1999,"summer",14,"euph serr",2,16,"control"
1999,"summer",14,"pani ariz",4,16,"control"
1999,"summer",14,"pani hirt",3,16,"control"
1999,"summer",14,"pani mili",1,16,"control"
1999,"summer",14,"tide lanu",1,16,"control"
1999,"summer",14,"tria port",1,16,"control"
1999,"summer",17,"boer inte",3,16,"control"
1999,"summer",17,"boer torr",2,16,"control"
1999,"summer",17,"bout aris",13,16,"control"
1999,"summer",17,"bout barb",70,16,"control"
1999,"summer",17,"crot pumi",3,16,"control"
1999,"summer",17,"moll cerv",2,16,"control"
1999,"summer",17,"pani ariz",2,16,"control"
1999,"summer",17,"pani mili",1,16,"control"
2000,"summer",4,"amar palm",1,16,"control"
2000,"summer",4,"aris adsc",25,16,"control"
2000,"summer",4,"boer inte",17,16,"control"
2000,"summer",4,"bout aris",31,16,"control"
2000,"summer",4,"bout barb",162,16,"control"
2000,"summer",4,"dale brac",1,16,"control"
2000,"summer",4,"pani ariz",1,16,"control"
2000,"summer",4,"tide lanu",2,16,"control"
2000,"summer",11,"aris adsc",6,16,"control"
2000,"summer",11,"bout aris",24,16,"control"
2000,"summer",11,"bout barb",11,16,"control"
2000,"summer",14,"aris adsc",19,16,"control"
2000,"summer",14,"boer inte",1,16,"control"
2000,"summer",14,"bout aris",123,16,"control"
2000,"summer",14,"bout barb",42,16,"control"
2000,"summer",14,"euph serp",1,16,"control"
2000,"summer",14,"kall gran",1,16,"control"
2000,"summer",14,"pani ariz",10,16,"control"
2000,"summer",14,"pani hirt",2,16,"control"
2000,"summer",14,"tide lanu",3,16,"control"
2000,"summer",17,"aris adsc",10,16,"control"
2000,"summer",17,"boer inte",4,16,"control"
2000,"summer",17,"bout aris",44,16,"control"
2000,"summer",17,"bout barb",186,16,"control"
2000,"summer",17,"tide lanu",1,16,"control"
2001,"summer",4,"aris adsc",1,16,"control"
2001,"summer",4,"boer inte",4,16,"control"
2001,"summer",4,"bout aris",2,16,"control"
2001,"summer",4,"bout barb",4,16,"control"
2001,"summer",4,"erio aber",24,16,"control"
2001,"summer",4,"erod cicu",1,16,"control"
2001,"summer",4,"euph serr",7,16,"control"
2001,"summer",4,"hapl grac",3,16,"control"
2001,"summer",4,"tide lanu",9,16,"control"
2001,"summer",11,"boer inte",1,16,"control"
2001,"summer",11,"boer torr",1,16,"control"
2001,"summer",11,"bout barb",1,16,"control"
2001,"summer",11,"crot pumi",1,16,"control"
2001,"summer",11,"erio aber",28,16,"control"
2001,"summer",11,"hapl grac",6,16,"control"
2001,"summer",11,"pani ariz",1,16,"control"
2001,"summer",11,"pani hirt",1,16,"control"
2001,"summer",11,"pect papp",1,16,"control"
2001,"summer",11,"tide lanu",2,16,"control"
2001,"summer",14,"bail mult",1,16,"control"
2001,"summer",14,"bout aris",1,16,"control"
2001,"summer",14,"bout barb",3,16,"control"
2001,"summer",14,"erio aber",7,16,"control"
2001,"summer",14,"hapl grac",1,16,"control"
2001,"summer",14,"pani hirt",2,16,"control"
2001,"summer",14,"pect papp",1,16,"control"
2001,"summer",14,"tide lanu",5,16,"control"
2001,"summer",17,"aris adsc",1,16,"control"
2001,"summer",17,"boer inte",3,16,"control"
2001,"summer",17,"erio aber",51,16,"control"
2001,"summer",17,"hapl grac",4,16,"control"
2001,"summer",17,"tide lanu",7,16,"control"
2002,"summer",4,"aris adsc",34,16,"control"
2002,"summer",4,"boer inte",43,16,"control"
2002,"summer",4,"boer torr",2,16,"control"
2002,"summer",4,"bout aris",27,16,"control"
2002,"summer",4,"bout barb",362,16,"control"
2002,"summer",4,"crot pumi",3,16,"control"
2002,"summer",4,"dale brac",18,16,"control"
2002,"summer",4,"erio aber",2,16,"control"
2002,"summer",4,"euph serp",22,16,"control"
2002,"summer",4,"kall gran",7,16,"control"
2002,"summer",4,"pani ariz",30,16,"control"
2002,"summer",4,"pani hirt",1,16,"control"
2002,"summer",4,"pani mili",8,16,"control"
2002,"summer",4,"tide lanu",55,16,"control"
2002,"summer",11,"amar palm",1,16,"control"
2002,"summer",11,"aris adsc",5,16,"control"
2002,"summer",11,"boer inte",4,16,"control"
2002,"summer",11,"boer torr",18,16,"control"
2002,"summer",11,"bout aris",3,16,"control"
2002,"summer",11,"bout barb",20,16,"control"
2002,"summer",11,"crot pumi",26,16,"control"
2002,"summer",11,"dale brac",10,16,"control"
2002,"summer",11,"euph exst",2,16,"control"
2002,"summer",11,"euph serp",3,16,"control"
2002,"summer",11,"ipom cost",1,16,"control"
2002,"summer",11,"moll cerv",49,16,"control"
2002,"summer",11,"moll vert",5,16,"control"
2002,"summer",11,"pani ariz",28,16,"control"
2002,"summer",11,"pani hirt",19,16,"control"
2002,"summer",11,"pani mili",5,16,"control"
2002,"summer",11,"pect papp",2,16,"control"
2002,"summer",11,"tide lanu",23,16,"control"
2002,"summer",14,"aris adsc",1,16,"control"
2002,"summer",14,"boer inte",4,16,"control"
2002,"summer",14,"boer torr",8,16,"control"
2002,"summer",14,"bout aris",18,16,"control"
2002,"summer",14,"bout barb",34,16,"control"
2002,"summer",14,"crot pumi",1,16,"control"
2002,"summer",14,"dale brac",8,16,"control"
2002,"summer",14,"euph micr",5,16,"control"
2002,"summer",14,"euph serp",9,16,"control"
2002,"summer",14,"euph serr",9,16,"control"
2002,"summer",14,"ipom cost",1,16,"control"
2002,"summer",14,"moll cerv",25,16,"control"
2002,"summer",14,"pani ariz",24,16,"control"
2002,"summer",14,"pani hirt",17,16,"control"
2002,"summer",14,"pani mili",3,16,"control"
2002,"summer",14,"pect papp",2,16,"control"
2002,"summer",14,"tide lanu",37,16,"control"
2002,"summer",17,"aris adsc",4,16,"control"
2002,"summer",17,"boer inte",16,16,"control"
2002,"summer",17,"boer torr",4,16,"control"
2002,"summer",17,"bout aris",8,16,"control"
2002,"summer",17,"bout barb",222,16,"control"
2002,"summer",17,"crot pumi",10,16,"control"
2002,"summer",17,"dale brac",3,16,"control"
2002,"summer",17,"erod cicu",7,16,"control"
2002,"summer",17,"euph micr",1,16,"control"
2002,"summer",17,"euph serp",18,16,"control"
2002,"summer",17,"moll cerv",61,16,"control"
2002,"summer",17,"pani ariz",12,16,"control"
2002,"summer",17,"pani mili",8,16,"control"
2002,"summer",17,"tide lanu",35,16,"control"
2004,"summer",4,"aris adsc",6,16,"control"
2004,"summer",4,"boer torr",6,16,"control"
2004,"summer",4,"bout barb",351,16,"control"
2004,"summer",4,"cass lept",2,16,"control"
2004,"summer",4,"crot pumi",3,16,"control"
2004,"summer",4,"erio aber",17,16,"control"
2004,"summer",4,"euph serp",54,16,"control"
2004,"summer",4,"hapl grac",1,16,"control"
2004,"summer",4,"moll vert",1,16,"control"
2004,"summer",4,"pani ariz",30,16,"control"
2004,"summer",4,"pani hirt",6,16,"control"
2004,"summer",4,"pect papp",1,16,"control"
2004,"summer",4,"port parv",1,16,"control"
2004,"summer",4,"tide lanu",39,16,"control"
2004,"summer",11,"amar palm",5,16,"control"
2004,"summer",11,"aris adsc",3,16,"control"
2004,"summer",11,"boer inte",29,16,"control"
2004,"summer",11,"boer torr",22,16,"control"
2004,"summer",11,"bout aris",10,16,"control"
2004,"summer",11,"bout barb",41,16,"control"
2004,"summer",11,"crot pumi",15,16,"control"
2004,"summer",11,"dale brac",3,16,"control"
2004,"summer",11,"erio aber",4,16,"control"
2004,"summer",11,"euph exst",1,16,"control"
2004,"summer",11,"euph micr",1,16,"control"
2004,"summer",11,"euph serp",16,16,"control"
2004,"summer",11,"euph serr",4,16,"control"
2004,"summer",11,"ipom cost",3,16,"control"
2004,"summer",11,"kall gran",1,16,"control"
2004,"summer",11,"moll vert",108,16,"control"
2004,"summer",11,"pani ariz",12,16,"control"
2004,"summer",11,"pani hirt",31,16,"control"
2004,"summer",11,"pect papp",44,16,"control"
2004,"summer",11,"sanv aber",1,16,"control"
2004,"summer",11,"tide lanu",34,16,"control"
2004,"summer",14,"aris adsc",2,16,"control"
2004,"summer",14,"boer inte",23,16,"control"
2004,"summer",14,"boer torr",6,16,"control"
2004,"summer",14,"bout aris",20,16,"control"
2004,"summer",14,"bout barb",143,16,"control"
2004,"summer",14,"crot pumi",1,16,"control"
2004,"summer",14,"dale brac",1,16,"control"
2004,"summer",14,"erio aber",4,16,"control"
2004,"summer",14,"euph micr",24,16,"control"
2004,"summer",14,"euph serp",16,16,"control"
2004,"summer",14,"euph serr",4,16,"control"
2004,"summer",14,"moll cerv",7,16,"control"
2004,"summer",14,"moll vert",101,16,"control"
2004,"summer",14,"pani ariz",3,16,"control"
2004,"summer",14,"pani hirt",15,16,"control"
2004,"summer",14,"pect papp",46,16,"control"
2004,"summer",14,"tide lanu",63,16,"control"
2004,"summer",14,"tria port",1,16,"control"
2004,"summer",17,"aris adsc",2,16,"control"
2004,"summer",17,"boer inte",13,16,"control"
2004,"summer",17,"boer torr",18,16,"control"
2004,"summer",17,"bout aris",3,16,"control"
2004,"summer",17,"bout barb",512,16,"control"
2004,"summer",17,"crot pumi",14,16,"control"
2004,"summer",17,"erio aber",4,16,"control"
2004,"summer",17,"erod cicu",6,16,"control"
2004,"summer",17,"euph micr",6,16,"control"
2004,"summer",17,"euph serp",56,16,"control"
2004,"summer",17,"euph serr",3,16,"control"
2004,"summer",17,"ipom cost",1,16,"control"
2004,"summer",17,"moll vert",139,16,"control"
2004,"summer",17,"pani hirt",9,16,"control"
2004,"summer",17,"pani mili",1,16,"control"
2004,"summer",17,"pect papp",2,16,"control"
2004,"summer",17,"tide lanu",78,16,"control"
2004,"summer",17,"tria port",1,16,"control"
2005,"summer",4,"aris adsc",8,16,"control"
2005,"summer",4,"boer inte",56,16,"control"
2005,"summer",4,"bout aris",12,16,"control"
2005,"summer",4,"bout barb",389,16,"control"
2005,"summer",4,"erio aber",16,16,"control"
2005,"summer",4,"euph serp",11,16,"control"
2005,"summer",4,"pani hirt",49,16,"control"
2005,"summer",4,"pect papp",1,16,"control"
2005,"summer",4,"tide lanu",17,16,"control"
2005,"summer",11,"amar palm",13,16,"control"
2005,"summer",11,"aris adsc",18,16,"control"
2005,"summer",11,"boer inte",26,16,"control"
2005,"summer",11,"boer torr",3,16,"control"
2005,"summer",11,"bout aris",32,16,"control"
2005,"summer",11,"bout barb",40,16,"control"
2005,"summer",11,"crot pumi",1,16,"control"
2005,"summer",11,"erio aber",17,16,"control"
2005,"summer",11,"euph serp",2,16,"control"
2005,"summer",11,"euph serr",1,16,"control"
2005,"summer",11,"kall gran",1,16,"control"
2005,"summer",11,"pani hirt",18,16,"control"
2005,"summer",11,"pect papp",10,16,"control"
2005,"summer",11,"tide lanu",19,16,"control"
2005,"summer",14,"aris adsc",12,16,"control"
2005,"summer",14,"boer inte",13,16,"control"
2005,"summer",14,"boer torr",14,16,"control"
2005,"summer",14,"bout aris",244,16,"control"
2005,"summer",14,"bout barb",84,16,"control"
2005,"summer",14,"erio aber",27,16,"control"
2005,"summer",14,"euph serp",15,16,"control"
2005,"summer",14,"pani hirt",12,16,"control"
2005,"summer",14,"pect papp",36,16,"control"
2005,"summer",14,"tide lanu",31,16,"control"
2005,"summer",17,"aris adsc",9,16,"control"
2005,"summer",17,"boer inte",27,16,"control"
2005,"summer",17,"boer torr",17,16,"control"
2005,"summer",17,"bout aris",147,16,"control"
2005,"summer",17,"bout barb",251,16,"control"
2005,"summer",17,"crot pumi",3,16,"control"
2005,"summer",17,"euph serp",18,16,"control"
2005,"summer",17,"kall gran",1,16,"control"
2005,"summer",17,"pani hirt",15,16,"control"
2005,"summer",17,"pect papp",1,16,"control"
2005,"summer",17,"tide lanu",43,16,"control"
2006,"summer",4,"aris adsc",50,16,"control"
2006,"summer",4,"boer inte",24,16,"control"
2006,"summer",4,"boer torr",28,16,"control"
2006,"summer",4,"bout aris",9,16,"control"
2006,"summer",4,"bout barb",137,16,"control"
2006,"summer",4,"chlo virg",1,16,"control"
2006,"summer",4,"dale brac",3,16,"control"
2006,"summer",4,"erod cicu",170,16,"control"
2006,"summer",4,"euph serp",104,16,"control"
2006,"summer",4,"euph serr",7,16,"control"
2006,"summer",4,"pani ariz",59,16,"control"
2006,"summer",4,"pani hirt",12,16,"control"
2006,"summer",4,"pani mili",1,16,"control"
2006,"summer",4,"pect papp",3,16,"control"
2006,"summer",4,"tide lanu",27,16,"control"
2006,"summer",4,"tria port",1,16,"control"
2006,"summer",11,"amar palm",9,16,"control"
2006,"summer",11,"aris adsc",11,16,"control"
2006,"summer",11,"boer inte",22,16,"control"
2006,"summer",11,"boer torr",17,16,"control"
2006,"summer",11,"bout aris",24,16,"control"
2006,"summer",11,"bout barb",30,16,"control"
2006,"summer",11,"cass lept",1,16,"control"
2006,"summer",11,"crot pumi",9,16,"control"
2006,"summer",11,"dale brac",4,16,"control"
2006,"summer",11,"erag cili",6,16,"control"
2006,"summer",11,"erod cicu",117,16,"control"
2006,"summer",11,"euph serp",26,16,"control"
2006,"summer",11,"euph serr",10,16,"control"
2006,"summer",11,"kall gran",1,16,"control"
2006,"summer",11,"moll vert",38,16,"control"
2006,"summer",11,"pani ariz",15,16,"control"
2006,"summer",11,"pani hirt",12,16,"control"
2006,"summer",11,"pect papp",23,16,"control"
2006,"summer",11,"tide lanu",18,16,"control"
2006,"summer",14,"aris adsc",18,16,"control"
2006,"summer",14,"boer inte",29,16,"control"
2006,"summer",14,"boer torr",15,16,"control"
2006,"summer",14,"bout aris",52,16,"control"
2006,"summer",14,"bout barb",86,16,"control"
2006,"summer",14,"crot pumi",1,16,"control"
2006,"summer",14,"erag arid",1,16,"control"
2006,"summer",14,"erod cicu",147,16,"control"
2006,"summer",14,"euph micr",36,16,"control"
2006,"summer",14,"euph serp",32,16,"control"
2006,"summer",14,"euph serr",7,16,"control"
2006,"summer",14,"kall gran",3,16,"control"
2006,"summer",14,"moll cerv",21,16,"control"
2006,"summer",14,"moll vert",10,16,"control"
2006,"summer",14,"pani ariz",16,16,"control"
2006,"summer",14,"pani hirt",15,16,"control"
2006,"summer",14,"pect papp",70,16,"control"
2006,"summer",14,"sanv aber",1,16,"control"
2006,"summer",14,"tide lanu",44,16,"control"
2006,"summer",14,"tria port",5,16,"control"
2006,"summer",17,"aris adsc",24,16,"control"
2006,"summer",17,"boer inte",46,16,"control"
2006,"summer",17,"boer torr",27,16,"control"
2006,"summer",17,"bout aris",23,16,"control"
2006,"summer",17,"bout barb",65,16,"control"
2006,"summer",17,"crot pumi",10,16,"control"
2006,"summer",17,"erag arid",1,16,"control"
2006,"summer",17,"erio lemm",1,16,"control"
2006,"summer",17,"erod cicu",183,16,"control"
2006,"summer",17,"euph micr",2,16,"control"
2006,"summer",17,"euph serp",47,16,"control"
2006,"summer",17,"euph serr",2,16,"control"
2006,"summer",17,"moll cerv",2,16,"control"
2006,"summer",17,"moll vert",7,16,"control"
2006,"summer",17,"pani ariz",11,16,"control"
2006,"summer",17,"pani hirt",12,16,"control"
2006,"summer",17,"pect papp",2,16,"control"
2006,"summer",17,"tide lanu",48,16,"control"
2006,"summer",17,"tria port",1,16,"control"
2007,"summer",4,"ambr arte",11,16,"control"
2007,"summer",4,"aris adsc",79,16,"control"
2007,"summer",4,"boer inte",50,16,"control"
2007,"summer",4,"bout aris",131,16,"control"
2007,"summer",4,"bout barb",70,16,"control"
2007,"summer",4,"dale brac",5,16,"control"
2007,"summer",4,"euph serp",4,16,"control"
2007,"summer",4,"pani hirt",10,16,"control"
2007,"summer",4,"pect papp",4,16,"control"
2007,"summer",4,"tide lanu",10,16,"control"
2007,"summer",11,"amar palm",32,16,"control"
2007,"summer",11,"aris adsc",41,16,"control"
2007,"summer",11,"boer inte",55,16,"control"
2007,"summer",11,"boer torr",1,16,"control"
2007,"summer",11,"bout aris",214,16,"control"
2007,"summer",11,"bout barb",59,16,"control"
2007,"summer",11,"crot pumi",7,16,"control"
2007,"summer",11,"erag cili",40,16,"control"
2007,"summer",11,"euph serp",1,16,"control"
2007,"summer",11,"euph serr",1,16,"control"
2007,"summer",11,"ipom cost",1,16,"control"
2007,"summer",11,"pani hirt",4,16,"control"
2007,"summer",11,"pect papp",5,16,"control"
2007,"summer",11,"port parv",1,16,"control"
2007,"summer",11,"tide lanu",3,16,"control"
2007,"summer",14,"amar palm",1,16,"control"
2007,"summer",14,"aris adsc",92,16,"control"
2007,"summer",14,"boer inte",37,16,"control"
2007,"summer",14,"boer torr",25,16,"control"
2007,"summer",14,"bout aris",289,16,"control"
2007,"summer",14,"bout barb",60,16,"control"
2007,"summer",14,"euph micr",1,16,"control"
2007,"summer",14,"hapl grac",2,16,"control"
2007,"summer",14,"pani hirt",5,16,"control"
2007,"summer",14,"pect papp",18,16,"control"
2007,"summer",14,"tide lanu",17,16,"control"
2007,"summer",17,"amar palm",2,16,"control"
2007,"summer",17,"aris adsc",107,16,"control"
2007,"summer",17,"boer inte",42,16,"control"
2007,"summer",17,"boer torr",69,16,"control"
2007,"summer",17,"bout aris",229,16,"control"
2007,"summer",17,"bout barb",130,16,"control"
2007,"summer",17,"chlo virg",2,16,"control"
2007,"summer",17,"crot pumi",19,16,"control"
2007,"summer",17,"dale brac",1,16,"control"
2007,"summer",17,"erio lemm",27,16,"control"
2007,"summer",17,"euph serp",7,16,"control"
2007,"summer",17,"ipom cost",1,16,"control"
2007,"summer",17,"pani hirt",13,16,"control"
2007,"summer",17,"tide lanu",8,16,"control"
2008,"summer",4,"aris adsc",732,16,"control"
2008,"summer",4,"boer inte",1,16,"control"
2008,"summer",4,"boer torr",1,16,"control"
2008,"summer",4,"bout aris",264,16,"control"
2008,"summer",4,"bout barb",20,16,"control"
2008,"summer",4,"crot pumi",5,16,"control"
2008,"summer",4,"dale brac",10,16,"control"
2008,"summer",4,"euph serr",2,16,"control"
2008,"summer",4,"ipom cost",2,16,"control"
2008,"summer",4,"pani ariz",213,16,"control"
2008,"summer",4,"pani hirt",14,16,"control"
2008,"summer",4,"pani mili",3,16,"control"
2008,"summer",4,"sida spin",1,16,"control"
2008,"summer",4,"tide lanu",20,16,"control"
2008,"summer",11,"amar palm",69,16,"control"
2008,"summer",11,"aris adsc",216,16,"control"
2008,"summer",11,"boer inte",1,16,"control"
2008,"summer",11,"bout aris",404,16,"control"
2008,"summer",11,"bout barb",47,16,"control"
2008,"summer",11,"cass lept",27,16,"control"
2008,"summer",11,"crot pumi",59,16,"control"
2008,"summer",11,"dale brac",4,16,"control"
2008,"summer",11,"erag arid",129,16,"control"
2008,"summer",11,"pani ariz",47,16,"control"
2008,"summer",11,"pani hirt",42,16,"control"
2008,"summer",11,"pani mili",2,16,"control"
2008,"summer",11,"tide lanu",34,16,"control"
2008,"summer",14,"amar palm",351,16,"control"
2008,"summer",14,"boer inte",1,16,"control"
2008,"summer",14,"bout aris",522,16,"control"
2008,"summer",14,"bout barb",61,16,"control"
2008,"summer",14,"crot pumi",14,16,"control"
2008,"summer",14,"erag arid",1,16,"control"
2008,"summer",14,"erag cili",7,16,"control"
2008,"summer",14,"pani ariz",38,16,"control"
2008,"summer",14,"pani hirt",54,16,"control"
2008,"summer",14,"tide lanu",17,16,"control"
2008,"summer",17,"aris adsc",381,16,"control"
2008,"summer",17,"bout aris",594,16,"control"
2008,"summer",17,"bout barb",46,16,"control"
2008,"summer",17,"crot pumi",159,16,"control"
2008,"summer",17,"erag arid",16,16,"control"
2008,"summer",17,"pani ariz",65,16,"control"
2008,"summer",17,"pani hirt",36,16,"control"
2008,"summer",17,"pani mili",15,16,"control"
2008,"summer",17,"tide lanu",26,16,"control"
2011,"summer",4,"amar palm",1,16,"control"
2011,"summer",4,"aris adsc",5,16,"control"
2011,"summer",4,"boer inte",2,16,"control"
2011,"summer",4,"boer torr",15,16,"control"
2011,"summer",4,"bout aris",3,16,"control"
2011,"summer",4,"bout barb",51,16,"control"
2011,"summer",4,"dale brac",8,16,"control"
2011,"summer",4,"euph micr",1,16,"control"
2011,"summer",4,"kall hirs",14,16,"control"
2011,"summer",4,"pani ariz",9,16,"control"
2011,"summer",4,"pani hirt",84,16,"control"
2011,"summer",4,"pani mili",1,16,"control"
2011,"summer",4,"tide lanu",6,16,"control"
2011,"summer",11,"aris adsc",3,16,"control"
2011,"summer",11,"boer inte",3,16,"control"
2011,"summer",11,"boer torr",13,16,"control"
2011,"summer",11,"bout aris",4,16,"control"
2011,"summer",11,"bout barb",14,16,"control"
2011,"summer",11,"dale brac",12,16,"control"
2011,"summer",11,"pani ariz",20,16,"control"
2011,"summer",11,"pani hirt",31,16,"control"
2011,"summer",11,"tide lanu",5,16,"control"
2011,"summer",11,"tria port",2,16,"control"
2011,"summer",14,"aris adsc",2,16,"control"
2011,"summer",14,"boer inte",5,16,"control"
2011,"summer",14,"boer torr",20,16,"control"
2011,"summer",14,"bout aris",11,16,"control"
2011,"summer",14,"bout barb",76,16,"control"
2011,"summer",14,"euph exst",1,16,"control"
2011,"summer",14,"kall hirs",3,16,"control"
2011,"summer",14,"pani ariz",25,16,"control"
2011,"summer",14,"pani hirt",13,16,"control"
2011,"summer",14,"tide lanu",9,16,"control"
2011,"summer",14,"tria port",3,16,"control"
2011,"summer",17,"amar palm",1,16,"control"
2011,"summer",17,"aris adsc",3,16,"control"
2011,"summer",17,"boer inte",13,16,"control"
2011,"summer",17,"boer torr",6,16,"control"
2011,"summer",17,"bout aris",2,16,"control"
2011,"summer",17,"bout barb",34,16,"control"
2011,"summer",17,"dale brac",1,16,"control"
2011,"summer",17,"erio lemm",7,16,"control"
2011,"summer",17,"pani ariz",13,16,"control"
2011,"summer",17,"pani hirt",35,16,"control"
2011,"summer",17,"tide lanu",15,16,"control"
2011,"summer",17,"tria port",18,16,"control"
2014,"summer",4,"amar palm",10,16,"control"
2014,"summer",4,"aris adsc",658,16,"control"
2014,"summer",4,"boer inte",1,16,"control"
2014,"summer",4,"boer torr",9,16,"control"
2014,"summer",4,"bout aris",678,16,"control"
2014,"summer",4,"bout barb",105,16,"control"
2014,"summer",4,"dale brac",2,16,"control"
2014,"summer",4,"erio aber",2,16,"control"
2014,"summer",4,"erio lemm",9,16,"control"
2014,"summer",4,"euph serp",10,16,"control"
2014,"summer",4,"euph serr",1,16,"control"
2014,"summer",4,"kall gran",1,16,"control"
2014,"summer",4,"moll cerv",1,16,"control"
2014,"summer",4,"pani ariz",29,16,"control"
2014,"summer",4,"pani hirt",60,16,"control"
2014,"summer",4,"pani mili",3,16,"control"
2014,"summer",4,"tide lanu",73,16,"control"
2014,"summer",11,"amar palm",253,16,"control"
2014,"summer",11,"aris adsc",9,16,"control"
2014,"summer",11,"boer inte",4,16,"control"
2014,"summer",11,"boer torr",4,16,"control"
2014,"summer",11,"bout aris",146,16,"control"
2014,"summer",11,"bout barb",31,16,"control"
2014,"summer",11,"cass lept",4,16,"control"
2014,"summer",11,"crot pumi",2,16,"control"
2014,"summer",11,"euph micr",2,16,"control"
2014,"summer",11,"euph serp",13,16,"control"
2014,"summer",11,"euph serr",2,16,"control"
2014,"summer",11,"moll cerv",2,16,"control"
2014,"summer",11,"pani ariz",8,16,"control"
2014,"summer",11,"pani hirt",10,16,"control"
2014,"summer",11,"tide lanu",6,16,"control"
2014,"summer",11,"tria port",2,16,"control"
2014,"summer",14,"amar palm",1,16,"control"
2014,"summer",14,"aris adsc",298,16,"control"
2014,"summer",14,"boer inte",8,16,"control"
2014,"summer",14,"boer torr",4,16,"control"
2014,"summer",14,"bout aris",1075,16,"control"
2014,"summer",14,"bout barb",33,16,"control"
2014,"summer",14,"chlo virg",1,16,"control"
2014,"summer",14,"erag cili",2,16,"control"
2014,"summer",14,"euph micr",2,16,"control"
2014,"summer",14,"euph serp",4,16,"control"
2014,"summer",14,"moll cerv",1,16,"control"
2014,"summer",14,"pani ariz",1,16,"control"
2014,"summer",14,"pani hirt",8,16,"control"
2014,"summer",14,"pect papp",3,16,"control"
2014,"summer",14,"tide lanu",3,16,"control"
2014,"summer",14,"tria port",13,16,"control"
2014,"summer",17,"amar palm",293,16,"control"
2014,"summer",17,"aris adsc",539,16,"control"
2014,"summer",17,"boer inte",11,16,"control"
2014,"summer",17,"boer torr",1,16,"control"
2014,"summer",17,"bout aris",809,16,"control"
2014,"summer",17,"bout barb",38,16,"control"
2014,"summer",17,"cass lept",1,16,"control"
2014,"summer",17,"crot pumi",4,16,"control"
2014,"summer",17,"erag cili",6,16,"control"
2014,"summer",17,"erio lemm",135,16,"control"
2014,"summer",17,"euph micr",1,16,"control"
2014,"summer",17,"euph serp",5,16,"control"
2014,"summer",17,"kall cali",1,16,"control"
2014,"summer",17,"moll cerv",13,16,"control"
2014,"summer",17,"pani ariz",10,16,"control"
2014,"summer",17,"pani hirt",22,16,"control"
2014,"summer",17,"pect papp",1,16,"control"
2014,"summer",17,"tide lanu",11,16,"control"
2014,"summer",17,"tria port",1,16,"control"
2015,"summer",4,"amar palm",7,16,"control"
2015,"summer",4,"aris adsc",572,16,"control"
2015,"summer",4,"boer torr",5,16,"control"
2015,"summer",4,"bout aris",2374,16,"control"
2015,"summer",4,"bout barb",2,16,"control"
2015,"summer",4,"erio aber",12,16,"control"
2015,"summer",4,"erio lemm",2,16,"control"
2015,"summer",4,"euph serp",1,16,"control"
2015,"summer",4,"tide lanu",8,16,"control"
2015,"summer",11,"amar palm",738,16,"control"
2015,"summer",11,"aris adsc",116,16,"control"
2015,"summer",11,"boer inte",22,16,"control"
2015,"summer",11,"boer torr",5,16,"control"
2015,"summer",11,"bout aris",1262,16,"control"
2015,"summer",11,"bout barb",15,16,"control"
2015,"summer",11,"chlo virg",1,16,"control"
2015,"summer",11,"erio aber",5,16,"control"
2015,"summer",11,"euph micr",1,16,"control"
2015,"summer",11,"euph serp",1,16,"control"
2015,"summer",11,"euph serr",1,16,"control"
2015,"summer",11,"ipom cost",1,16,"control"
2015,"summer",11,"pani hirt",2,16,"control"
2015,"summer",11,"tide lanu",11,16,"control"
2015,"summer",14,"amar palm",1,16,"control"
2015,"summer",14,"aris adsc",651,16,"control"
2015,"summer",14,"bail mult",1,16,"control"
2015,"summer",14,"boer inte",12,16,"control"
2015,"summer",14,"boer torr",11,16,"control"
2015,"summer",14,"bout aris",2358,16,"control"
2015,"summer",14,"bout barb",7,16,"control"
2015,"summer",14,"chlo virg",13,16,"control"
2015,"summer",14,"pani hirt",3,16,"control"
2015,"summer",17,"amar palm",293,16,"control"
2015,"summer",17,"aris adsc",434,16,"control"
2015,"summer",17,"boer inte",9,16,"control"
2015,"summer",17,"boer torr",1,16,"control"
2015,"summer",17,"bout aris",2621,16,"control"
2015,"summer",17,"bout barb",5,16,"control"
2015,"summer",17,"erio lemm",41,16,"control"
2015,"summer",17,"pani ariz",2,16,"control"
2015,"summer",17,"pani hirt",2,16,"control"
2015,"summer",17,"tide lanu",4,16,"control"
2016,"summer",4,"amar palm",2,16,"control"
2016,"summer",4,"aris adsc",55,16,"control"
2016,"summer",4,"boer torr",7,16,"control"
2016,"summer",4,"bout aris",344,16,"control"
2016,"summer",4,"chen frem",1,16,"control"
2016,"summer",4,"euph serp",1,16,"control"
2016,"summer",4,"pani ariz",5,16,"control"
2016,"summer",4,"pani hirt",1,16,"control"
2016,"summer",4,"tide lanu",14,16,"control"
2016,"summer",11,"amar palm",37,16,"control"
2016,"summer",11,"aris adsc",5,16,"control"
2016,"summer",11,"boer inte",5,16,"control"
2016,"summer",11,"boer torr",3,16,"control"
2016,"summer",11,"bout aris",80,16,"control"
2016,"summer",11,"bout barb",1,16,"control"
2016,"summer",11,"pani hirt",1,16,"control"
2016,"summer",11,"tide lanu",1,16,"control"
2016,"summer",14,"aris adsc",79,16,"control"
2016,"summer",14,"boer inte",1,16,"control"
2016,"summer",14,"bout aris",118,16,"control"
2016,"summer",14,"bout barb",1,16,"control"
2016,"summer",14,"euph serp",1,16,"control"
2016,"summer",14,"pani ariz",1,16,"control"
2016,"summer",17,"amar palm",4,16,"control"
2016,"summer",17,"aris adsc",38,16,"control"
2016,"summer",17,"boer inte",4,16,"control"
2016,"summer",17,"boer torr",2,16,"control"
2016,"summer",17,"bout aris",159,16,"control"
2016,"summer",17,"euph serp",1,16,"control"
2016,"summer",17,"kall gran",1,16,"control"
2016,"summer",17,"pani ariz",5,16,"control"
2016,"summer",17,"pani hirt",1,16,"control"
2016,"summer",17,"pect papp",1,16,"control"
2016,"summer",17,"tide lanu",1,16,"control"
2017,"summer",4,"amar palm",2,16,"control"
2017,"summer",4,"aris adsc",349,16,"control"
2017,"summer",4,"boer torr",23,16,"control"
2017,"summer",4,"bout aris",762,16,"control"
2017,"summer",4,"bout barb",62,16,"control"
2017,"summer",4,"chen frem",4,16,"control"
2017,"summer",4,"erio aber",1,16,"control"
2017,"summer",4,"euph serp",9,16,"control"
2017,"summer",4,"pani ariz",16,16,"control"
2017,"summer",4,"pani hirt",28,16,"control"
2017,"summer",4,"pani mili",1,16,"control"
2017,"summer",4,"tide lanu",95,16,"control"
2017,"summer",11,"amar palm",307,16,"control"
2017,"summer",11,"aris adsc",40,16,"control"
2017,"summer",11,"boer inte",36,16,"control"
2017,"summer",11,"boer torr",25,16,"control"
2017,"summer",11,"bout aris",334,16,"control"
2017,"summer",11,"bout barb",7,16,"control"
2017,"summer",11,"chlo virg",3,16,"control"
2017,"summer",11,"crot pumi",1,16,"control"
2017,"summer",11,"erio aber",1,16,"control"
2017,"summer",11,"euph serp",15,16,"control"
2017,"summer",11,"euph serr",2,16,"control"
2017,"summer",11,"kall cali",1,16,"control"
2017,"summer",11,"moll cerv",1,16,"control"
2017,"summer",11,"pani ariz",8,16,"control"
2017,"summer",11,"pani hirt",10,16,"control"
2017,"summer",11,"sanv aber",1,16,"control"
2017,"summer",11,"sida spin",2,16,"control"
2017,"summer",11,"tide lanu",6,16,"control"
2017,"summer",14,"amar palm",2,16,"control"
2017,"summer",14,"aris adsc",175,16,"control"
2017,"summer",14,"boer inte",16,16,"control"
2017,"summer",14,"boer torr",1,16,"control"
2017,"summer",14,"bout aris",441,16,"control"
2017,"summer",14,"bout barb",19,16,"control"
2017,"summer",14,"chlo virg",3,16,"control"
2017,"summer",14,"dale brac",1,16,"control"
2017,"summer",14,"erag cili",35,16,"control"
2017,"summer",14,"erio lemm",2,16,"control"
2017,"summer",14,"euph micr",3,16,"control"
2017,"summer",14,"euph serp",3,16,"control"
2017,"summer",14,"euph serr",2,16,"control"
2017,"summer",14,"kall cali",2,16,"control"
2017,"summer",14,"pani ariz",7,16,"control"
2017,"summer",14,"pani hirt",5,16,"control"
2017,"summer",14,"sals kali",1,16,"control"
2017,"summer",14,"tide lanu",6,16,"control"
2017,"summer",14,"tria port",1,16,"control"
2017,"summer",17,"amar palm",82,16,"control"
2017,"summer",17,"aris adsc",152,16,"control"
2017,"summer",17,"boer inte",33,16,"control"
2017,"summer",17,"boer torr",30,16,"control"
2017,"summer",17,"bout aris",418,16,"control"
2017,"summer",17,"bout barb",16,16,"control"
2017,"summer",17,"cass lept",5,16,"control"
2017,"summer",17,"crot pumi",4,16,"control"
2017,"summer",17,"erio aber",5,16,"control"
2017,"summer",17,"erio lemm",47,16,"control"
2017,"summer",17,"euph serp",9,16,"control"
2017,"summer",17,"kall cali",4,16,"control"
2017,"summer",17,"moll cerv",4,16,"control"
2017,"summer",17,"pani ariz",19,16,"control"
2017,"summer",17,"pani hirt",35,16,"control"
2017,"summer",17,"tide lanu",26,16,"control"
